1751932869.5214415,67.269,41
1751932869.6215262,67.269,41
1751932869.7216308,68.032,41
1751932869.8217332,67.864,41
1751932869.9218369,67.537,41
1751932870.0219395,67.702,41
1751932870.1220431,67.748,41
1751932870.2221456,67.8,41
1751932870.322231,67.534,41
1751932870.4223154,67.783,41
1751932870.5223947,67.395,41
1751932870.6224742,67.438,41
1751932870.7225533,68.179,41
1751932870.822658,67.476,41
1751932870.9227636,67.475,41
1751932871.0228665,67.5,41
1751932871.1229722,67.462,41
1751932871.2230768,67.875,41
1751932871.3231814,67.673,41
1751932871.423267,67.632,41
1751932871.5233464,67.568,41
1751932871.6234279,67.86,41
1751932871.7235081,67.181,41
1751932871.8235877,67.152,41
1751932871.9236922,67.456,41
1751932872.023797,67.721,41
1751932872.1238825,67.603,41
1751932872.2239878,67.553,41
1751932872.3240705,67.727,41
1751932872.424176,67.132,41
1751932872.5242772,67.748,41
1751932872.6243792,67.428,41
1751932872.7244813,67.603,40
1751932872.8245828,67.854,40
1751932872.924663,67.564,40
1751932873.0247421,67.507,40
1751932873.1248462,67.418,40
1751932873.2249508,67.545,40
1751932873.3250577,67.358,40
1751932873.4251626,67.34,40
1751932873.5252664,67.351,40
1751932873.6253455,67.167,40
1751932873.7254357,67.554,40
1751932873.825515,67.383,40
1751932873.9255974,67.563,40
1751932874.0257027,67.185,40
1751932874.1258085,67.572,40
1751932874.2259128,66.882,40
1751932874.3259854,67.146,40
1751932874.4260602,67.165,40
1751932874.52613,67.339,41
1751932874.6262,345.48,44
1751932874.7262712,314.343,45
1751932874.8263414,284.198,46
1751932874.92641,295.058,46
1751932875.0264788,316.399,46
1751932875.1265478,285.74,46
1751932875.2266161,288.84,46
1751932875.3266854,312.82,46
1751932875.4267528,289.428,46
1751932875.5268188,274.551,47
1751932875.6268852,310.949,46
1751932875.72695,288.949,47
1751932875.82702,295.056,47
1751932875.9270914,319.714,47
1751932876.0271673,305.158,45
1751932876.127242,244.246,45
1751932876.227317,275.16,46
1751932876.3273933,251.149,46
1751932876.427468,296.738,46
1751932876.5275395,227.609,46
1751932876.627615,301.948,46
1751932876.7276902,189.455,46
1751932876.8277626,300.601,46
1751932876.9278357,224.441,46
1751932877.027912,239.043,46
1751932877.127987,298.737,46
1751932877.2280626,186.731,46
1751932877.3281386,282.454,46
1751932877.428213,326.818,46
1751932877.5282898,192.664,47
1751932877.6283703,251.606,47
1751932877.7284462,298.315,46
1751932877.8285162,309.055,46
1751932877.9285898,202.097,46
1751932878.028666,236.437,46
1751932878.1287417,292.058,46
1751932878.2288134,318.313,46
1751932878.3288841,232.735,47
1751932878.4289565,182.303,47
1751932878.529026,234.053,46
1751932878.6291041,284.323,46
1751932878.7291818,303.322,46
1751932878.8292584,319.984,47
1751932878.929335,288.583,47
1751932879.0294213,233.699,46
1751932879.1294942,189.841,46
1751932879.229567,208.737,47
1751932879.3296392,239.042,47
1751932879.42971,255.713,46
1751932879.529781,270.086,47
1751932879.6298518,273.386,47
1751932879.7299225,281.181,46
1751932879.829994,283.99,47
1751932879.9300659,283.902,47
1751932880.030137,275.617,47
1751932880.1302073,273.091,47
1751932880.2302837,270.208,46
1751932880.3303602,260.358,47
1751932880.4304366,239.231,47
1751932880.5305145,208.414,47
1751932880.630588,182.91,47
1751932880.7306628,222.517,47
1751932880.8307364,261.278,45
1751932880.930811,68.493,44
1751932881.0308874,69.514,43
1751932881.13096,69.12,43
1751932881.2310343,69.405,43
1751932881.331107,81.807,45
1751932881.431181,243.003,46
1751932881.5312526,327.666,47
1751932881.6313276,316.524,47
1751932881.7313998,289.919,47
1751932881.8314767,275.395,47
1751932881.9315531,231.263,47
1751932882.0316272,181.261,47
1751932882.1317053,257.026,47
1751932882.2317824,318.534,47
1751932882.3318572,288.142,47
1751932882.431927,258.185,46
1751932882.532,201.61,47
1751932882.6320746,262.402,47
1751932882.732148,316.284,47
1751932882.8322196,270.877,48
1751932882.932296,189.49,47
1751932883.032372,265.364,47
1751932883.1324434,308.654,47
1751932883.2325146,308.654,47
1751932883.3325877,271.95,48
1751932883.4326615,219.03,47
1751932883.5327365,324.53,47
1751932883.632812,283.097,48
1751932883.7328854,204.3,48
1751932883.832961,321.037,47
1751932883.9330354,282.425,48
1751932884.033106,197.412,48
1751932884.1331806,330.652,48
1751932884.2332535,272.051,47
1751932884.3333259,190.777,48
1751932884.4334033,337.75,48
1751932884.5334308,260.983,47
1751932884.6335063,235.139,48
1751932884.733578,297.112,48
1751932884.8336477,189.917,48
1751932884.9337175,329.57,48
1751932885.0337908,264.444,47
1751932885.133865,252.399,46
1751932885.2339365,98.115,49
1751932885.3340065,288.356,49
1751932885.4340775,289.81,50
1751932885.5341475,313.26,50
1751932885.6342165,286.923,49
1751932885.7342856,282.429,50
1751932885.8343568,314.543,50
1751932885.934427,287.493,50
1751932886.0344927,291.194,50
1751932886.13456,291.458,50
1751932886.2346287,287.693,50
1751932886.334694,285.547,50
1751932886.4347608,307.852,50
1751932886.5348296,281.56,50
1751932886.6348984,318.17,48
1751932886.734976,275.567,48
1751932886.8350482,204.341,48
1751932886.9351244,298.725,49
1751932887.0352004,195.997,49
1751932887.135277,299.791,49
1751932887.2353518,206.165,49
1751932887.335427,294.48,49
1751932887.4355023,211.666,49
1751932887.5355759,272.913,49
1751932887.6356514,282.88,49
1751932887.7357302,211.741,49
1751932887.8358016,296.482,49
1751932887.9358745,231.387,49
1751932888.0359507,238.416,49
1751932888.1360254,261.994,49
1751932888.236095,301.659,49
1751932888.3361697,231.398,49
1751932888.4362462,233.128,49
1751932888.5363226,278.168,48
1751932888.6363988,316.039,49
1751932888.7364702,228.338,49
1751932888.8365448,226.618,49
1751932888.9366202,275.119,49
1751932889.036698,300.963,49
1751932889.1367824,306.993,49
1751932889.2368584,235.838,49
1751932889.3369305,208.29,50
1751932889.4370058,245.149,49
1751932889.537079,281.353,49
1751932889.6371548,289.715,49
1751932889.737228,308.638,50
1751932889.837298,317.484,49
1751932889.9373748,274.185,49
1751932890.0374362,271.017,50
1751932890.1375082,254.32,49
1751932890.237581,231.249,49
1751932890.337652,226.055,50
1751932890.4377244,197.562,49
1751932890.5377972,208.055,49
1751932890.6378686,249.963,50
1751932890.7379396,227.586,49
1751932890.8380096,242.68,49
1751932890.9380789,275.055,50
1751932891.0381489,318.234,50
1751932891.1382232,324.821,50
1751932891.2382975,319.465,49
1751932891.3383715,304.67,50
1751932891.4384422,275.228,49
1751932891.5385215,267.629,50
1751932891.6385932,211.688,49
1751932891.7386763,194.799,50
1751932891.8387516,246.92,49
1751932891.9388268,327.732,50
1751932892.038899,309.73,49
1751932892.138969,277.911,50
1751932892.2390394,248.309,49
1751932892.339115,185.25,49
1751932892.4391909,253.677,50
1751932892.5392642,324.453,50
1751932892.639334,291.803,50
1751932892.7394102,253.165,50
1751932892.8394847,203.872,49
1751932892.9395568,285.012,50
1751932893.0396261,313.693,50
1751932893.1396966,313.693,50
1751932893.2397704,281.847,50
1751932893.3398428,192.929,50
1751932893.4399185,255.538,50
1751932893.539995,291.729,50
1751932893.6400669,222.335,49
1751932893.7401426,254.882,50
1751932893.8402169,300.398,50
1751932893.9402866,234.315,50
1751932894.0403605,277.893,50
1751932894.1404357,305.612,50
1751932894.240507,237.111,50
1751932894.3405817,279.078,50
1751932894.440653,303.95,50
1751932894.540728,221.093,51
1751932894.6407998,317.18,50
1751932894.740869,278.866,50
1751932894.8409467,204.258,51
1751932894.941018,328.833,51
1751932895.041095,268.902,50
1751932895.14117,260.427,51
1751932895.2412457,319.31,51
1751932895.341347,257.198,47
1751932895.4414542,73.025,47
1751932895.5415337,72.2,47
1751932895.6416104,72.063,46
1751932895.7416933,71.8,46
1751932895.8417757,71.454,46
1751932895.9418602,71.001,46
1751932896.041943,71.477,46
1751932896.1420207,71.038,46
1751932896.2420995,71.371,46
1751932896.3421786,71.371,46
1751932896.4422567,71.276,46
1751932896.5423353,70.987,46
1751932896.642415,71.304,46
1751932896.742495,71.042,46
1751932896.8425915,71.062,46
1751932896.9426732,70.752,46
1751932897.0427532,71.036,46
1751932897.1428328,70.945,46
1751932897.2429118,70.822,45
1751932897.3429909,71.148,45
1751932897.44307,71.339,45
1751932897.543149,70.965,45
1751932897.6432276,70.766,45
1751932897.7433043,70.359,45
1751932897.8433826,70.132,45
1751932897.9434698,70.651,45
1751932898.0435476,70.995,45
1751932898.1436255,70.822,45
1751932898.2437046,70.707,45
1751932898.3437822,70.565,45
1751932898.4438608,70.565,45
1751932898.5439377,70.808,45
1751932898.644015,70.6,45
1751932898.744094,70.57,45
1751932898.844171,70.568,45
1751932898.9442635,70.12,45
1751932899.0443983,70.375,45
1751932899.1445599,70.45,45
1751932899.2447212,70.691,45
1751932899.344882,70.385,45
1751932899.4450443,69.965,45
1751932899.5452092,70.485,45
1751932899.645371,70.496,45
1751932899.7455254,70.184,45
1751932899.84567,70.303,45
1751932899.945816,70.05,45
1751932900.045954,70.112,45
1751932900.1460867,69.999,45
1751932900.2462811,70.547,45
1751932900.3463938,70.162,45
1751932900.4465408,69.979,45
1751932900.5466886,70.27,45
1751932900.646833,70.266,45
1751932900.7469802,69.837,44
1751932900.8471258,70.075,44
1751932900.9472747,70.068,44
1751932901.0474105,70.275,44
1751932901.1475463,70.387,44
1751932901.247683,69.958,44
1751932901.3478155,70.244,44
1751932901.4479759,69.423,44
1751932901.548138,69.184,44
1751932901.6483028,69.685,44
1751932901.748465,69.687,44
1751932901.848627,69.539,44
1751932901.9487884,69.643,44
1751932902.0489504,69.101,44
1751932902.1491144,69.274,44
1751932902.2492762,69.682,44
1751932902.3494492,69.004,44
1751932902.4495842,69.544,44
1751932902.5497193,69.287,44
1751932902.6498816,69.331,44
1751932902.7500272,69.253,44
1751932902.8501732,69.493,44
1751932902.9503355,69.359,44
1751932903.0505002,69.286,44
1751932903.1506667,69.535,44
1751932903.2508116,69.109,44
1751932903.3509579,69.287,44
1751932903.4510913,69.326,44
1751932903.5512295,69.035,44
1751932903.6513655,69.366,44
1751932903.7515016,68.623,44
1751932903.851664,69.325,44
1751932903.951798,69.081,44
1751932904.0519633,68.978,44
1751932904.1521263,68.966,44
1751932904.2522924,69.094,44
1751932904.3524556,68.997,44
1751932904.452587,69.079,44
1751932904.5527463,69.131,44
1751932904.6529064,68.5,44
1751932904.7530415,68.869,44
1751932904.8531744,69.075,44
1751932904.9533062,69.054,44
1751932905.0534785,69.186,43
1751932905.1536403,69.003,43
1751932905.2537813,69.121,43
